ListYear,Town,Address,AssessedValue,SaleAmount,PropertyType
2001,Danbury,166 OLD BROOKFIELD RD,81100.0,180000.0,
2001,Guilford,6 LAUREL RDG,187530.0,386500.0,
2001,Bethel,211 LEXINGTON BLVD,47600.0,109900.0,
2001,Hampton,741 POMFRET RD,60260.0,145500.0,
2001,Branford,28 SUNDANCE,42210.0,65900.0,
2001,West Hartford,95 BROOKMOOR RD,97780.0,219500.0,
2001,Berlin,1091-1101 FARMINGTON AVE,520380.0,40000.0,
2001,Danbury,14 FIFTH ST,91900.0,247000.0,
2001,Canton,45 WESTWOOD DR,56780.0,126000.0,
2001,Madison,167 FIVE FIELD RD,196200.0,435000.0,
2001,Manchester,9 3 OAK FOREST DR,76500.0,139000.0,
2001,Ashford,390 TURNPIKE RD,31170.0,264900.0,
2001,Hartford,103 LEDGER ST,51170.0,134000.0,
2001,Killingly,94 STONE RD,17630.0,26000.0,
2001,Hartford,73-75 JAMES ST,80290.0,145750.0,
2001,Avon,527 NEW RD,94520.0,199000.0,
2001,Danbury,45 POCONO LN 8,182200.0,334000.0,
2001,Hartford,46-48 DEERFIELD AVE,58030.0,0.0,
2001,East Windsor,92 GRIFFIN RD,107010.0,227000.0,
2001,Milford,101 E BROADWAY UB,61110.0,125000.0,
2001,Kent,80 N MAIN ST B3A1,73400.0,140000.0,
2001,Bridgeport,176 MORNINGSIDE DR,71050.0,150000.0,
2001,Bristol,607 BURLINGTON AVE,121510.0,251000.0,
2001,Madison,394 RACE HL RD,232600.0,525000.0,
2001,Hamden,174 TOWNE HOUSE RD,27160.0,58000.0,
2001,Danbury,4 LINDA DR,228500.0,375000.0,
2001,Hartford,60 BURLINGTON ST,54530.0,0.0,
2001,Bristol,570 WITCHES ROCK RD,85700.0,184400.0,
2001,Hartford,31 WOODLAND ST UT 8M,32550.0,61900.0,
2001,Middletown,274 GEORGE ST,138890.0,280000.0,
2001,Bridgeport,24 HARVARD ST,72801.0,169900.0,
2001,Glastonbury,316 TALL TIMBERS RD,156940.0,390000.0,
2001,Bridgeport,383 FISKE AVE,70490.0,118000.0,
2001,Bridgeport,930 C WILLIAM ST,11830.0,12500.0,
2001,Bridgeport,225 G EDGEMOOR RD,53550.0,114500.0,
2001,Danbury,32 GREAT PLAIN RD,90900.0,3500.0,
2001,Hamden,113 WALTER LN,102550.0,173000.0,
2001,Chester,5 JOHNSON RD,153100.0,290000.0,
2001,Clinton,85 WATERSIDE LN,323100.0,391000.0,
2001,Bloomfield,308 ROCKWELL AVE,57120.0,99900.0,
2001,Kent,274 KENT CORNWALL RD,368400.0,875000.0,
2001,East Haven,560 SILVER SANDS RD 1603,60800.0,154900.0,
2001,Danbury,48 LOCUST AVE,147800.0,3000000.0,
2001,Bethel,1102 LEXINGTON BLVD,71050.0,160700.0,
2001,Bridgeport,125 TERRY PL,75600.0,165000.0,
2001,East Hampton,14 NAMONEE TRL,80840.0,138900.0,
2001,Bridgeport,157 MINTURN RD,97300.0,210000.0,
2001,Danbury,4 MENDES RD,165900.0,350000.0,
2001,Manchester,175 MIDDLE TPKE W,71600.0,131000.0,
2001,East Haddam,2 WHITMAN RD,73600.0,115000.0,
2002,Darien,30 MAPLE ST,376040.0,827500.0,
2002,Groton,11 CHERRY CIR,0.0,15000.0,
2002,Cheshire,61 BUTTONWOOD CIR,148360.0,320000.0,
2002,Hamden,35 N LAKE DR,62300.0,155000.0,
2002,Brooklyn,GORMAN RD,17230.0,40000.0,
2002,Colchester,79 ELMWOOD HTS,114000.0,120000.0,
2002,Coventry,533 DALY RD,94360.0,143000.0,
2002,Hebron,380 GILEAD ST,118580.0,215000.0,
2002,Ledyard,20 WILLOW LN,95200.0,164000.0,
2002,Griswold,280 SHETUCKET TPKE,0.0,17900.0,
2002,Hamden,230 BUTLER ST,87570.0,0.0,
2002,Columbia,267 RT 87 W,119600.0,225000.0,
2002,Hamden,35 SECOND ST,91350.0,0.0,
2002,Cheshire,1716 BYAM RD,85720.0,210000.0,
2002,Enfield,27 MONROE RD,93940.0,184000.0,
2002,Hamden,65 RENSHAW RD,111300.0,280000.0,
2002,Canton,130 MAIN ST 2D,34370.0,119000.0,
2002,Canton,30 HIGH ST,6160.0,30000.0,
2002,Canton,14 SCOVILLE RD,135080.0,280000.0,
2002,Derby,8 PUGASSETT RD,36260.0,67100.0,
2002,Hamden,180 PUTNAM AVE,86380.0,165400.0,
2002,Derby,40 DERBYSHIRE,93100.0,175000.0,
2002,Groton,NORTH RD,191170.0,340000.0,
2002,Lebanon,53 BROWNING RD,0.0,3255.0,
2002,Derby,73 ORANGEWOOD W,0.0,166500.0,
2002,Coventry,SOUTH ST,34370.0,95000.0,
2002,Bridgeport,250 N BISHOP AVE,19180.0,33920.0,
2002,Harwinton,87 NORTH RD,0.0,175000.0,
2002,Hamden,900 MIX AVE U 117,82460.0,200000.0,
2002,East Lyme,11 SEEBECK RD,320460.0,515000.0,
2002,Lebanon,200 MACK RD,103500.0,208000.0,
2002,Hamden,888 RIDGE RD,228200.0,400000.0,
2002,Clinton,9 EAST WALK,184200.0,480000.0,
2002,East Haven,213E THOMPSON ST,48300.0,139200.0,
2002,Litchfield,FERN AVE,53420.0,56000.0,
2002,Essex,32 EAGLE RDG DR,37390.0,349000.0,
2002,Hamden,520 DUNBAR HL RD,103740.0,205000.0,
2002,Cheshire,200 CARLTON DR,136930.0,259900.0,
2002,Bloomfield,81 MAPLE AVE,0.0,280000.0,
2002,Norwalk,12 FULLIN CT,140000.0,320000.0,
2002,Meriden,58 LA MIRAGE,65520.0,130000.0,
2002,Milford,44 COURT ST,133840.0,280000.0,
2002,Meriden,787 BROAD ST,74340.0,150000.0,
2002,New Haven,158 MEADOW VW ST,116550.0,140000.0,
2002,Scotland,PLAINS RD,24780.0,107500.0,
2002,Norwalk,63 WARD ST 1E,59430.0,159900.0,
2002,Oxford,MAPLE TREE HL RD,530.0,530.0,
2002,Plymouth,154 N MAIN ST,78860.0,126800.0,
2002,New Haven,66 ROYDON RD,94920.0,180000.0,
2002,Putnam,45 MAYNARD ST,50000.0,0.0,
2003,Bethel,34 ROCKWELL RD,183510.0,445000.0,
2003,Guilford,73 SUMMER ST,508230.0,508230.0,
2003,Fairfield,240 SUNNYRIDGE AVE 75,92610.0,217990.0,
2003,Fairfield,2477 MERWINS LN,718760.0,1349000.0,
2003,Glastonbury,524 GRISWOLD ST,158100.0,235000.0,
2003,Danbury,1204 EATON CT,214600.0,369900.0,
2003,Deep River,FALLS LNDG RD,52850.0,102500.0,
2003,Bethel,132 & A CODFISH HL,147250.0,250000.0,
2003,East Windsor,TROMLEY RD,0.0,487500.0,
2003,Guilford,WEST ST,430980.0,750000.0,
2003,Greenwich,51 FOREST AVE UT 162,262150.0,625000.0,
2003,Brooklyn,70 MAYNARD RD,0.0,169000.0,
2003,Fairfield,22 REID ST,181650.0,420000.0,
2003,Columbia,2 DOVER LN UT 8,0.0,235010.0,
2003,Clinton,52 IRON WORKS RD,100500.0,249900.0,
2003,Groton,56 ESSEX ST,440370.0,1000000.0,
2003,Granby,36 COPPER HL RD,207900.0,370000.0,
2003,Enfield,HAMLET B4 UG,61250.0,125000.0,
2003,Bristol,25 MARVIN ST,83610.0,147500.0,
2003,Groton,32 HIGH ST,97440.0,245000.0,
2003,Bethel,93C CHESTNUT ST,114870.0,226000.0,
2003,Fairfield,200 LOVERS LN,292740.0,910000.0,
2003,Branford,7 BAYPATH WAY,87300.0,145000.0,
2003,Bristol,304 OLD WOLCOTT RD,68340.0,120000.0,
2003,Ellington,5 JACOBS HL RD,130610.0,254900.0,
2003,Enfield,58 GREEN MNR RD,77070.0,175000.0,
2003,Guilford,711 LONG HL RD,358970.0,665000.0,
2003,Farmington,28 MAPLE RDG DR,123510.0,150000.0,
2003,Branford,REEL IS,94000.0,100000.0,
2003,Danbury,16 DANFRED ST,143700.0,227000.0,
2003,Danbury,17 LAUREL ST,206700.0,250000.0,
2003,Danbury,88 MILL PLN RD,390200.0,320000.0,
2003,Guilford,32 COUNTY RD,509170.0,0.0,
2003,Enfield,4 WINTER WAY,158270.0,330000.0,
2003,Danbury,FIFTH AVE,39600.0,125000.0,
2003,Canterbury,125 BINGHAM RD,61400.0,186000.0,
2003,East Haddam,SHANAGAN RD,0.0,53600.0,
2003,Durham,60 ROYAL OAK DR,204470.0,370000.0,
2003,Bristol,132 MAHEU ST,104320.0,186000.0,
2003,Greenwich,17 PARK AVE,665070.0,1712500.0,
2003,Guilford,37 CANARY CT,175200.0,288000.0,
2003,East Haven,18 URE ST,87330.0,212000.0,
2003,Easton,20 KNOLLCREST,452720.0,775000.0,
2003,Simsbury,5 VILLAGE RD,111970.0,195000.0,
2003,Hamden,61 TANGLEWOOD,0.0,233000.0,
2003,Newtown,37 SWAMP RD,197680.0,320000.0,
2003,Hartford,50 MAGNOLIA ST,25690.0,12000.0,
2003,Hamden,21 LAWRENCE RD,97160.0,289000.0,
2003,Hamden,99 VALLEY RD,70000.0,155000.0,
2003,Oxford,5 WOOD RD,98740.0,0.0,
2004,Oxford,NEWGATE RD,0.0,170000.0,
2004,Bethany,55 ACORN DR,406770.0,750000.0,
2004,Bridgeport,1618 NORTH AVE,137200.0,245000.0,
2004,Avon,8 THISTLE HOLW,250320.0,400200.0,
2004,Avon,15 GREENWICH LN,170960.0,315000.0,
2004,Ansonia,5 HIGH ACRES RD,149100.0,290000.0,
2004,Canaan,74 SAND RD,757200.0,1200000.0,
2004,Bridgeport,60 TINA CIR,190400.0,375950.0,
2004,Canton,19 QUEENS PEAK RD,434410.0,725000.0,
2004,Clinton,2 SOUTH PKY,220200.0,800000.0,
2004,Brookfield,17 ACORN LN,93870.0,236000.0,
2004,Avon,89 NORTHGATE,504210.0,920000.0,
2004,Avon,2 ALCOTT WAY,359360.0,585900.0,
2004,Bethany,653 CARRINGTON RD,343330.0,0.0,
2004,Canton,3 QUEENS PEAK RD,306220.0,490000.0,
2004,Bridgeport,500 SYLVAN AVE,7649881.0,1909375.0,
2004,Bristol,30 SHEILA CT,66680.0,134900.0,
2004,Avon,21 RIVER VW,0.0,275000.0,
2004,Bethel,TAYLOR RD,187350.0,750000.0,
2004,Bristol,60 SIMS RD,122900.0,250000.0,
2004,Bolton,15 ROSEWOOD LN,148310.0,50000.0,
2004,Avon,75 E MAIN ST,350050.0,800000.0,
2004,Avon,10 BILTMORE CT,459850.0,845000.0,
2004,Danbury,7 IVY LN,137100.0,220000.0,
2004,Danbury,36 FAITHS LN,196900.0,434505.0,
2004,Essex,38 N MAIN ST,0.0,530000.0,
2004,Groton,,0.0,7060035.0,
2004,Enfield,197 SHAKER RD,121940.0,245000.0,
2004,Meriden,1644 N COLONY RD,0.0,299900.0,
2004,Hamden,327 AUGUR ST,115360.0,250000.0,
2004,Greenwich,30 CURT TER,386890.0,692500.0,
2004,Greenwich,ORCHARD DR,0.0,1600000.0,
2004,Haddam,86 COYOTE TRL,43040.0,100000.0,
2004,Greenwich,CLUB RD,0.0,1875000.0,
2004,Killingworth,17 COW PEN HL RD,206440.0,452500.0,
2004,Greenwich,NORTH ST,1194620.0,2800000.0,
2004,Manchester,61 NEW ST,102200.0,200000.0,
2004,Groton,94 SMITH ST,102620.0,329900.0,
2004,Middletown,41 WALL ST,95380.0,155000.0,
2004,Hamden,12 EDMUND ST,57540.0,150000.0,
2004,Manchester,19 PAVILIONS DR,1178200.0,264950.0,
2004,Hebron,NILES RD,3780.0,1500.0,
2004,Middletown,60 MORGAN ST,137560.0,240000.0,
2004,Danbury,14 NEWTOWN RD 21,83300.0,200000.0,
2004,Ledyard,4 BARN RD,79100.0,163000.0,
2004,Kent,9 ELIZABETH ST,134000.0,346800.0,
2004,Hamden,119 W SIDE DR,72870.0,185000.0,
2004,Columbia,CARDS ML RD,39600.0,50000.0,
2004,Kent,HENDERSON RD,800.0,2500.0,
2004,Greenwich,27 PILGRIM DR,0.0,665000.0,
2005,Bristol,135 EAST,92670.0,210000.0,
2005,Avon,1 PINE TRL,42000.0,40000.0,
2005,Bloomfield,991 BLUE HLS AVE,138550.0,270000.0,
2005,Bridgeport,204 6 OLIVE ST,104580.0,175000.0,
2005,Ansonia,6 MEADE CIR,99000.0,22000.0,
2005,Bethany,329 BROOKS RD,146930.0,0.0,
2005,Bethel,12 GRANDVIEW TER,59010.0,150000.0,
2005,Branford,12 ASHMAN CT,318700.0,605000.0,
2005,Bristol,112 JACOBS ST,0.0,245000.0,
2005,Bridgeport,321 REMINGTON ST,44870.0,90000.0,
2005,Bridgeport,3275 OLD TOWN RD,181651.0,340000.0,
2005,Branford,50 HILLSIDE AVE,0.0,370000.0,
2005,Bethany,23 MILLER RD,65520.0,0.0,
2005,Bridgeport,176 DAVENPORT ST,117390.0,295000.0,
2005,Bridgeport,164 GEORGE ST,165410.0,237000.0,
2005,Enfield,313 N MAPLE ST,63420.0,110000.0,
2005,New Haven,45 EDDY ST &,0.0,1250000.0,
2005,Hartford,65 HARBISON AVE,42700.0,144900.0,
2005,Hartford,99 SALEM ST,63070.0,140000.0,
2005,Danbury,8-10 ROWAN ST,172700.0,372300.0,
2005,Monroe,80 KNAPP ST,0.0,26600.0,
2005,East Haven,15 ELLIOT ST,0.0,100000.0,
2005,New Britain,351 S MAIN ST,57190.0,35000.0,
2005,Enfield,9 GANNY TER,77630.0,190000.0,
2005,Enfield,345 ELM ST,79800.0,131250.0,
2005,Canton,5 PINE ACRES DR,108400.0,190000.0,
2005,Canton,32 HOFFMANN RD,0.0,9500.0,
2005,Meriden,421 E MAIN ST,102200.0,206000.0,
2005,Canaan,169 MUSIC MTN RD,179100.0,0.0,
2005,Griswold,31 A I MAIN ST,205590.0,390000.0,
2005,Meriden,135 N PEARL ST,65660.0,175000.0,
2005,Manchester,150 COOPER HL ST,0.0,121550.0,
2005,Meriden,COLONY BRK PARK,0.0,60000.0,
2005,Danbury,1502 BRIAR WOODS LN,101500.0,379900.0,
2005,Milford,30 CHAUCER CT,105630.0,363000.0,
2005,Canaan,50 RIVER RD,39400.0,50000.0,
2005,Lisbon,5 STRAWBERRY ST,153480.0,350000.0,
2005,Guilford,TANNER MARSH RD,0.0,2100000.0,
2005,Groton,130 B ST,24570.0,15000.0,
2005,Meriden,802 HIDDEN GABLES,0.0,200284.0,
2005,Montville,375 MAPLE AVE,80290.0,170000.0,
2005,Goshen,55 SHARON TPKE,67990.0,140000.0,
2005,East Haven,7 OAK HL RD,105020.0,280000.0,
2005,Hartford,20 CHURCH ST,0.0,6500000.0,
2005,Griswold,142 POPPLE BRG RD,700.0,2500.0,
2005,Enfield,52 SPIER AVE,90580.0,224000.0,
2005,Granby,55 CANTON RD,193270.0,418000.0,
2005,Montville,16 BLUMENTHAL DR,0.0,69900.0,
2005,Killingly,6 ORIOLE DR,0.0,224700.0,
2005,Cromwell,7 HEMLOCK CT,74030.0,154000.0,
2006,New London,PLANT ST,41720.0,80000.0,
2006,Bloomfield,E DUDLEY TOWN RD,45490.0,700000.0,
2006,Killingly,560 WAUREGAN RD,147490.0,280000.0,
2006,New London,90 BANK ST,228270.0,600000.0,
2006,Middletown,31 BROAD ST,107580.0,230000.0,
2006,Greenwich,22 GREENWICH AVE,1782550.0,3775000.0,
2006,New Britain,44 BEACON ST,14490.0,49900.0,
2006,Greenwich,30 MILBANK AVE,1502340.0,3500000.0,
2006,Bristol,146 PINE ST &,246410.0,500000.0,
2006,Haddam,OLD CART RD,192280.0,25000.0,
2006,Cromwell,16 CONGRESS DR,77000.0,180000.0,
2006,Cromwell,3 APPLE HL DR LT 21,56700.0,150000.0,
2006,Darien,2 HOMEWOOD LN,846160.0,1625000.0,
2006,Branford,9A STONEGATE,138400.0,203300.0,Condo
2006,East Windsor,56 NORTH MAIN ST,130590.0,220000.0,
2006,Harwinton,LAKE SHR DR,1220.0,5000.0,
2006,East Haddam,8 BENJAMIN LN,52550.0,125000.0,
2006,Bridgeport,46 ST MATHIAS ST,173040.0,440000.0,
2006,Coventry,290 EASTVIEW DR,68050.0,120000.0,
2006,Cromwell,59 WOODLAND DR,43260.0,106000.0,Condo
2006,Bristol,65 ROBERTSON ST,56410.0,158000.0,Condo
2006,Glastonbury,9 BOXWOOD LN,84000.0,174000.0,Condo
2006,Bristol,VILLAGE RD L39,38990.0,175000.0,
2006,Newington,32 ROBIN BRK DR,118510.0,187000.0,Condo
2006,Newington,141 WEBSTER COURT,108990.0,170000.0,Condo
2006,Danbury,28 DIVISION ST,262800.0,600000.0,
2006,Litchfield,125 BANTAM LK RD,127210.0,307000.0,
2006,Harwinton,VALLEY RD,4200.0,1000.0,
2006,Guilford,BLUFF VW DR,49560.0,210000.0,
2006,Bridgeport,2148 E MAIN ST,176751.0,295000.0,
2006,East Hampton,CHAMPION HL RD M12 LT24J,34380.0,50000.0,
2006,Guilford,30 CRICKET TRL,140110.0,290000.0,
2006,Monroe,742-748 MAIN ST,366450.0,1500000.0,
2006,Glastonbury,172 OAK ST,1050000.0,1375000.0,
2006,Bristol,5 NICHOLAS CT,59850.0,158000.0,Condo
2006,New Britain,270 HIGH ST,84840.0,330000.0,
2006,Newington,26 HORIZON HL RD,119280.0,190000.0,Condo
2006,Goshen,POND RDG DR LT 8,69570.0,239000.0,
2006,Derby,21 CLARK ST EXT,60830.0,140000.0,
2006,Cromwell,8 WATCH HL CIR,97050.0,179900.0,Condo
2006,New Britain,425 OSGOOD AVE,219870.0,540000.0,
2006,Coventry,277 PLAINS RD,41800.0,90000.0,
2006,Middletown,37 BROAD ST,170800.0,410000.0,
2006,Bridgeport,72-76 KNOWLTON ST,321355.0,845000.0,
2006,New London,UNCAS AVE,38430.0,60000.0,
2006,Clinton,10 BLUFF AVE UT 1-4,32800.0,40000.0,
2006,Cromwell,8 HARPERS RD,100700.0,173500.0,
2006,Bristol,ATKINS AVE LT 137,28910.0,50000.0,
2006,Danbury,52A PEMBROKE RD,249100.0,579000.0,
2006,Greenwich,8 STILLMAN LN,934640.0,1700000.0,
2007,Bridgeport,4775 MAIN ST,389200.0,785000.0,
2007,Branford,16 PINEVIEW,113300.0,223000.0,Condo
2007,Avon,6 WOODS HOLLOW CT,103680.0,165000.0,Condo
2007,Bridgeport,3200-2 PARK AVE #PHA,232860.0,600000.0,Condo
2007,Bolton,25 WEST ST,500230.0,975000.0,
2007,Bridgeport,214 CENTRAL AVE,229322.0,950000.0,
2007,Bridgeport,3491 MAIN ST,24394.0,50000.0,
2007,Bridgeport,472 WORDIN AVE,295471.0,365000.0,
2007,Bethany,696 AMITY RD #3,25030.0,60000.0,
2007,Branford,226 NORTH MAIN ST,206200.0,550000.0,
2007,Bridgeport,1416 NORTH AVE.,171780.0,125000.0,
2007,Brooklyn,15 HYDE RD,52830.0,150000.0,
2007,Stafford,PATTEN RD,36540.0,55000.0,
2007,East Lyme,QUARRY DOCK RD,143990.0,500000.0,
2007,Morris,43 TROTTA LN,135290.0,215000.0,
2007,Cornwall,FREDERICK DR,23210.0,25000.0,
2007,Southington,48 LOMBARDO CT,66500.0,125000.0,
2007,Manchester,183 SPRUCE ST,93700.0,139154.0,
2007,Milford,110 RATON DR,556350.0,1000000.0,
2007,Milford,178 NAUGATUCK AVE,151690.0,220000.0,
2007,Enfield,479 TAYLOR RD,237510.0,505000.0,
2007,Southington,WEBSTER PARK RD,69230.0,140000.0,
2007,Norwich,69 GRANT CT,32000.0,40000.0,
2007,Fairfield,222 POST RD,1544480.0,15000.0,
2007,Stratford,199 BAYFIELD LANE,227220.0,300000.0,Condo
2007,Groton,GOLD STAR HWY,103740.0,150000.0,
2007,Meriden,341 COLONY ST,147810.0,280000.0,
2007,Norwich,345 ASYLUM ST,28000.0,60000.0,
2007,Hamden,14 EAST GATE LN,112910.0,168000.0,Condo
2007,Stafford,127 WEST MAIN ST,210220.0,600000.0,
2007,Monroe,877 MAIN ST,173980.0,439000.0,
2007,Meriden,407 OLDE COLONY,90120.0,120000.0,Condo
2007,Meriden,6 BALSAM VIEW,107420.0,130000.0,Condo
2007,Milford,55 CLARK ST #V,128340.0,167000.0,Condo
2007,Haddam,168 TURKEY HILL RD,104290.0,175000.0,
2007,Suffield,SECOND ST,0.0,27500.0,
2007,Putnam,72 PERRY ST #153,78400.0,156000.0,Condo
2007,Thompson,RIVERSIDE DR,10500.0,19800.0,
2007,Cheshire,61 CURRIER WAY,118380.0,214500.0,Condo
2007,Monroe,208F WINDGATE CIR,130690.0,239900.0,Condo
2007,Norwich,1 POTTER AVE,27600.0,5000.0,
2007,Newington,23 ROSEMARY LN,123410.0,185000.0,Condo
2007,Salem,9 SYLEO LN,70290.0,150000.0,
2007,Norwich,323 OLD POND LN,60000.0,135000.0,Condo
2007,Plainville,319 EAST ST,94330.0,100000.0,
2007,New Haven,145 ADELINE ST,148750.0,20000.0,
2007,North Haven,99 BROADWAY,11789750.0,23750000.0,
2007,Groton,0 BRADLEY LN,72450.0,225000.0,
2007,New Haven,530 EAST ST,144550.0,267000.0,
2007,East Haven,25 GETTY RD,27510.0,75000.0,
2008,North Haven,30 BROADWAY,353010.0,585000.0,
2008,Meriden,2-11 NORTHWOOD PL,38980.0,39000.0,Condo
2008,Naugatuck,0 PROSPECT ST,253120.0,1200000.0,
2008,Enfield,POST OFFICE RD,108990.0,90000.0,
2008,East Haven,16F CEDAR CT,105000.0,125000.0,Condo
2008,Monroe,6 FALLS BROOK CIR,207690.0,257500.0,Condo
2008,Canterbury,171 BARSTOW RD,36000.0,80000.0,
2008,Manchester,457 CENTER STREET,133700.0,223000.0,
2008,Cromwell,20 PINE COURT,120920.0,154000.0,Condo
2008,Milford,1116 WINDWARD RD,246490.0,312500.0,Condo
2008,Goshen,LOT 157  BUEFORD CT,130570.0,200000.0,
2008,Coventry,40 CATALANI DRIVE,40960.0,55000.0,
2008,Ellington,1 ABBOTT RD #15,82920.0,129500.0,Condo
2008,Milford,ORONOQUE ROAD,38070.0,20000.0,
2008,Hamden,365 MATHER ST U-2,100030.0,132000.0,Condo
2008,Brooklyn,CHURCH ST,40150.0,52500.0,
2008,Hamden,2175 DIXWELL AVE,1202320.0,3050000.0,
2008,Milford,HERBERT STREET,78640.0,7500.0,
2008,East Haddam,208 FOX HOPYARD RD,101650.0,100000.0,
2008,Hartford,3466H MAIN ST,212440.0,206035.0,
2008,New Britain,331 PARK ST,122220.0,143000.0,
2008,Hartford,23 CHESTNUT ST,9040.0,17500.0,
2008,East Haven,109 CENTER ST,177800.0,248000.0,Condo
2008,Hartford,238 LEDYARD ST,212440.0,400000.0,
2008,Hamden,17 POND HOLLOW DR,125230.0,173000.0,Condo
2008,Berlin,LOT 47 BRUCE AVE,30000.0,40000.0,
2008,Bloomfield,1 REGENCY DR,794890.0,1300000.0,
2008,Branford,51 BAYPATH WAY,108700.0,160000.0,Condo
2008,Colebrook,ROCK HALL RD.,66200.0,60000.0,
2008,Killingly,268 WESTCOTT RD,94850.0,250000.0,
2008,New Haven,362 WHITNEY AV,534590.0,625000.0,
2008,Hebron,50 GRISWOLD LN,89360.0,120000.0,
2008,Branford,35 FAIR WINDS,458400.0,792500.0,Condo
2008,Brookfield,450 FEDERAL RD,951770.0,1700000.0,
2008,Middletown,SAYBROOK RD,4060.0,10000.0,
2008,Killingly,2 WYNDHAM LANDING,118580.0,160000.0,Condo
2008,Colchester,9 DUTTON RD,65100.0,74800.0,
2008,Meriden,5 STRAWBERRY HILL,104180.0,137950.0,Condo
2008,Colchester,65 COUSINS RD,70400.0,90000.0,
2008,East Haddam,27 WM F PALMER RD,339440.0,290000.0,
2008,Bristol,L155/56 EUGENE AVE,50400.0,50000.0,
2008,Cromwell,4 CHESTNUT COURT,104270.0,155000.0,Condo
2008,Bloomfield,51 OLD WINDSOR RD,75550.0,250000.0,
2008,Meriden,297 COE AVE,5320.0,5500.0,
2008,Milford,36-38 BROAD STREET,370380.0,450000.0,
2008,New Milford,20 BANK ST,587440.0,945000.0,
2008,Waterbury,846 BOYDEN ST,221130.0,250000.0,
2008,Wolcott,484 WOLCOTT RD,232650.0,450000.0,
2008,Seymour,177 ROOSEVELT DRIVE,189140.0,350000.0,
2008,Southington,STRACHEL COM 2,119420.0,170000.0,Condo
2009,Kent,GORHAM RD,164600.0,160000.0,
2009,Bolton,71 WEST ST,73420.0,150000.0,
2009,Chaplin,1 HAMPTON RD,172600.0,250000.0,
2009,Darien,4 EDDY LANE,453880.0,606250.0,
2009,Clinton,67 WATERSIDE LANE,151400.0,135429.0,
2009,Burlington,STONE RD,154070.0,158000.0,
2009,Avon,6 CHERRY TREE LANE,224490.0,285000.0,Condo
2009,Derby,205 BIRMINGHAM CONDOS,122010.0,150000.0,Condo
2009,Cromwell,4 NEWBURY LANE,118710.0,155000.0,
2009,East Lyme,3 DOGWOOD LN,245560.0,280000.0,Condo
2009,Ellington,7 GRASSY HILL RD,74940.0,100000.0,
2009,Avon,3 WILLOW LANE,125870.0,168500.0,Condo
2009,Canton,805 TIMBER LANE,113400.0,160000.0,Condo
2009,East Windsor,21 PLANTATION RD,42560.0,74000.0,
2009,Danbury,4 BELMONT PL,75400.0,58000.0,
2009,Beacon Falls,15 ALLIANCE CIRCLE,222310.0,550000.0,
2009,Clinton,14 PLYMOUTH COURT,99800.0,137000.0,Condo
2009,Columbia,8 SUNRISE DR LOT 9,44900.0,121000.0,
2009,Canton,11 CAMILLE LANE,193550.0,264750.0,Condo
2009,New Milford,32 EXECUTIVE CTR DR,339850.0,364000.0,
2009,Southington,43 SANDY PINE DR,101430.0,175000.0,
2009,Norwalk,25 GRAND ST 165,184520.0,202950.0,Condo
2009,Plainville,47 MAPLE ST #1,55930.0,70000.0,Condo
2009,Farmington,29 FARM DRIVE,185310.0,251000.0,Condo
2009,Meriden,391 BROAD ST,288540.0,320000.0,
2009,Meriden,207 CROWN VLG,32750.0,34900.0,Condo
2009,Milford,16 VILLAGE RD,453470.0,600000.0,
2009,Hamden,27 ANDREW ST,83860.0,100000.0,
2009,Morris,373 BANTAM LAKE RD,180350.0,255000.0,
2009,Plymouth,412 MAIN ST #5,78160.0,100000.0,Condo
2009,Groton,74-1 BUDDINGTON RD,92470.0,117000.0,Condo
2009,Hamden,3208 WHITNEY AVE U1F,59150.0,85500.0,
2009,Norwalk,34 OAKWOOD AVE,253470.0,700000.0,
2009,Putnam,3 SUNSET AVENUE,41000.0,50000.0,
2009,New Haven,224 WOOSTER ST,332850.0,300000.0,
2009,Middlefield,POWDER HILL RD,48600.0,75000.0,
2009,Salisbury,24 SHARON RD,293090.0,335000.0,
2009,Groton,FOREST ST,66290.0,60000.0,
2009,Hamden,4 INDUSTRIAL CR,335300.0,572000.0,
2009,Stamford,39 SHERMAN STREET,643570.0,1100000.0,
2009,Norwich,24 PARKWOOD DR,155000.0,190000.0,Condo
2009,Norwich,14 ASYLUM ST,82000.0,150000.0,
2009,Shelton,49 ENGLISH LA,164850.0,157000.0,
2009,Milford,70 RATON DRIVE UF,67140.0,80000.0,
2009,New Haven,1C HUGES PLACE,114520.0,207500.0,Condo
2009,Meriden,205 VILLAGE WALK,80550.0,129000.0,Condo
2009,Southington,876 S MAIN ST,260120.0,337500.0,
2009,Norwich,93 CHESTNUT ST,41000.0,59000.0,
2009,Norwalk,11 NORDEN PL 10,96880.0,135890.0,Condo
2009,Goshen,WL 697  PAXTON COURT,76100.0,91000.0,
2010,Waterbury,RUTLAND ST,18680.0,31000.0,
2010,East Haven,666 MAIN ST,329010.0,374700.0,
2010,Manchester,280 MAIN STREET,180000.0,247000.0,
2010,New Canaan,16 SOUTH AVENUE,1609300.0,2812500.0,
2010,Middletown,75 HILLSIDE AVE,472290.0,700000.0,
2010,Naugatuck,411 N MAIN ST,170760.0,200000.0,
2010,Enfield,2 LAURELS B04UD,170590.0,174000.0,Condo
2010,Bristol,874 TERRYVILLE AVE,395430.0,500000.0,
2010,Groton,NEW LONDON RD,69160.0,67500.0,
2010,Hartford,860 MAPLE AV,159880.0,405000.0,
2010,Hebron,55 REIDY HILL RD,93900.0,136000.0,
2010,Farmington,87 SONGBIRD LA,131900.0,163000.0,Condo
2010,Milford,8 AUBUBON CLOSE,264000.0,315000.0,Condo
2010,Bethel,34 WOLFPITS ROAD,158980.0,107500.0,
2010,Bristol,106 EL TORO DR,70350.0,100000.0,
2010,Hamden,2390 STATE ST U2W,81060.0,114000.0,Condo
2010,Hartland,115 PELL RD,80330.0,116750.0,
2010,Bridgeport,832 ATLANTIC STREET,714260.0,750000.0,
2010,Bethel,111 WOOSTER STREET,371000.0,575000.0,
2010,Darien,WAKEMAN ROAD,400960.0,350000.0,
2010,Bethany,770  AMITY RD.,361650.0,500000.0,
2010,Bridgeport,227 WHEELER AVENUE,153490.0,212000.0,
2010,Lebanon,BASCOM RD,59500.0,57000.0,
2010,Guilford,WALDEN HILL RD,7000.0,10000.0,
2010,Meriden,2105 PADDOCK VILLAGE,116680.0,155000.0,
2010,Hartford,1510 ALBANY AV,199430.0,750000.0,
2010,Colchester,539 LEBANON AVE,60100.0,79900.0,
2010,Avon,5 CATALPA COURT,156870.0,204500.0,Condo
2010,Darien,4 PINE BROOK LANE,416220.0,550000.0,Condo
2010,Lebanon,CONGDON RD,6380.0,9400.0,
2010,Bridgeport,4060 MAIN STREET,297550.0,870000.0,
2010,Middletown,JENSEN PL,34720.0,50000.0,
2010,Meriden,74 SO BROAD ST,471440.0,360000.0,
2010,Bridgeport,367 SEAVIW AVENUE,5125270.0,4200000.0,
2010,New Britain,259 BROAD ST,285320.0,400000.0,
2010,Meriden,508 PINE MEADOW,84880.0,118000.0,Condo
2010,Madison,PARCEL A NECK ROAD,363100.0,325000.0,
2010,Hamden,365 MATHER ST U74,104580.0,125000.0,Condo
2010,Norwich,499 NORTH MAIN ST,210000.0,200000.0,
2010,Norwalk,16 ROCKMEADOW RD Y,189280.0,240000.0,Condo
2010,New Haven,864 WHALLEY AVENUE,278110.0,325000.0,
2010,Stratford,6 MIRANDA LN,187460.0,244500.0,Condo
2010,Waterford,9 ARROWHEAD TRAIL,124070.0,100000.0,
2010,South Windsor,64 BANCROFT LN,37800.0,133000.0,
2010,Norwalk,31 NORTH AVE,371070.0,1125000.0,
2010,Windham,202 BOSTON POST RD,1277570.0,2795000.0,
2010,Shelton,SUMMITT AVE,56420.0,94000.0,
2010,Norwalk,81 WOLFPIT AVE C3,238840.0,281250.0,Condo
2010,Torrington,154 CYPRESS CT,107430.0,139000.0,Condo
2010,New Haven,3 LINCOLN STREET,265720.0,400000.0,
2011,Bethel,KAREN DRIVE,1170.0,9000.0,
2011,Avon,9 STOCKBRIDGE DRIVE,262500.0,300000.0,
2011,Avon,8 CENTERBROOK COURT,265160.0,365000.0,Condo
2011,Coventry,LOT 25 MAPLEWOOD TRAIL,1100.0,2300.0,
2011,Canton,135 DOWD AVENUE,322910.0,370000.0,
2011,Bristol,38 BARLOW ST,354970.0,350000.0,
2011,Brooklyn,7 MIDDLE ST,147900.0,210000.0,
2011,Danbury,279 WHITE ST,336000.0,225000.0,
2011,Fairfield,1120 HULLS HIGHWAY,307230.0,410000.0,
2011,Avon,111 SIMSBURY RD #1C,119810.0,155000.0,
2011,Branford,4 JERIMOTH DR,178700.0,215000.0,Condo
2011,Durham,57 OZICK DRIVE,533260.0,970000.0,
2011,Essex,35 SAYBROOK RD UNIT N-1,125100.0,85000.0,
2011,Fairfield,848 TUNXIS HILL ROAD,399840.0,690000.0,
2011,Danbury,22 SEGAR ST,5187500.0,7366200.0,
2011,Bethel,PUTNAM PARK ROAD,151910.0,10000.0,
2011,Danbury,3 KENOSIA AV,259800.0,335000.0,
2011,Bridgeport,961 STRATFORD AVE,86110.0,70000.0,
2011,Cheshire,20 FAIRWAY DRIVE,116700.0,150000.0,Condo
2011,Avon,6 WELLESLEY COURT,249360.0,300000.0,
2011,Southbury,845 B HERITAGE VLG,151610.0,125000.0,Condo
2011,Wilton,111 DANBURY RD,7653800.0,10806000.0,
2011,Norwich,124 NEW LONDON TPKE,469000.0,625000.0,
2011,North Haven,19 ROBIN COURT,78400.0,93000.0,
2011,Willington,BALAZS RD,55060.0,57500.0,
2011,Mansfield,LOT 5 BROWNS RD,77000.0,74000.0,
2011,Harwinton,LAKE SHORE DR,3570.0,15000.0,
2011,Guilford,7 RIVER COLONY,143990.0,122500.0,Condo
2011,Salisbury,32 MILLERTON RD,279500.0,400000.0,
2011,Killingly,349 LAKE RD,5566750.0,3200000.0,
2011,Hampton,EDWARDS RD,60380.0,40000.0,
2011,Old Saybrook,BOKUM RD,116500.0,125000.0,
2011,Stamford,35 ATLANTIC STREET,1210960.0,1400000.0,
2011,New Haven,466 FOXON BLVD,4765600.0,7450000.0,
2011,Newtown,50 SOUTH MAIN STREET,269760.0,500000.0,
2011,Middletown,656 MAIN ST,212730.0,180000.0,
2011,Westport,322 POST RD E,699500.0,900000.0,
2011,Norwalk,71 AIKEN ST R/7,135590.0,164000.0,Condo
2011,Waterbury,29 GOSS ST,26780.0,25000.0,Condo
2011,Farmington,RAILROAD AVE LOT 5,4200.0,6000.0,
2011,North Canaan,62 MAIN ST,296870.0,148435.0,
2011,Norwalk,406-410 WESTPORT AVE,870590.0,2225000.0,
2011,Glastonbury,28 NEWBERRY LN,138900.0,210000.0,Condo
2011,Stamford,872 HIGH RIDGE ROAD,1823340.0,1550000.0,
2011,Guilford,1 DOWD CT,208670.0,272500.0,Condo
2011,Middletown,EAST ST,13125000.0,18600000.0,
2011,Goshen,LOT 2  SCHOOL HILL ROAD,82380.0,85000.0,
2011,Watertown,70 HEMINWAY PARK RD,356400.0,450000.0,
2011,Meriden,350 HANOVER ST,101360.0,50000.0,
2011,North Haven,475 WASHINGTON AVENUE,284270.0,500000.0,
2012,Windham,17 CLARK ST,32430.0,20000.0,
2012,Branford,13 NORTH MAIN ST,110700.0,275000.0,
2012,Hamden,36 SCHOOL ST,157010.0,340000.0,
2012,Guilford,2455 BOSTON POST RD,478960.0,387000.0,
2012,Hamden,34 RACCIO PARK RD U6,69230.0,106000.0,
2012,Rocky Hill,9 DEER PATH,217490.0,270000.0,Condo
2012,North Branford,52 DEFOREST DR,16000.0,4000.0,
2012,Salisbury,TACONIC ROAD,380100.0,900000.0,
2012,New Britain,265 EAST MAIN ST,299600.0,470000.0,
2012,Enfield,32 COTTAGE GREEN,143300.0,100000.0,
2012,Norwalk,80 COUNTY ST 6/6D,158060.0,157500.0,Condo
2012,Middletown,232 WILLIAM ST,53690.0,50000.0,
2012,Fairfield,3915 PARK AVENUE,240100.0,330000.0,Condo
2012,Norwalk,86 MAIN ST,196630.0,225000.0,Condo
2012,Colchester,GILLETTES LN,54600.0,40000.0,
2012,Haddam,96 MAYNARD RD,81950.0,160000.0,
2012,Milford,479 NEW HAVEN AVENUE,255870.0,300000.0,
2012,New Haven,76 RIDGE ROAD,202510.0,300000.0,
2012,Guilford,75 CARTER DR,532320.0,630000.0,
2012,Ledyard,11 CROCKER HILL,65730.0,56000.0,
2012,Norwich,17 FORESTVIEW DR,126000.0,140000.0,Condo
2012,Monroe,9 CASTLEWOOD DR,305970.0,377800.0,Condo
2012,Milford,73 TROLLEY CIRCLE,113250.0,163000.0,Condo
2012,Milford,7 ALANA DRIVE,179990.0,280900.0,Condo
2012,New Fairfield,44 WARWICK,165300.0,170000.0,
2012,Hebron,15 WEST ST,77210.0,85000.0,
2012,East Haven,524 NORTH HIGH ST,33780.0,48500.0,
2012,Glastonbury,2750 MAIN ST,1012900.0,2846150.0,
2012,Norwalk,1 WALTER AVE 23,102550.0,85000.0,Condo
2012,Bridgeport,1479-1481 FAIRFIELD AVE,112530.0,98000.0,
2012,East Granby,72 HOLCOMB ST,77100.0,125000.0,
2012,Guilford,6 MADAKET CT,116900.0,121000.0,Condo
2012,Norwalk,11 MERWIN ST,2942100.0,5750000.0,
2012,Enfield,11 DARTMOOR,163450.0,200000.0,Condo
2012,Middlefield,PETERS LN,86700.0,85000.0,
2012,New Haven,1516 WHALLEY AVENUE,263270.0,450000.0,
2012,Bridgeport,700 DEWEY STREET,208470.0,169000.0,
2012,Hartford,237-395 FRANKLIN AV,259420.0,365000.0,
2012,Norwalk,185 EAST AVE,872480.0,1225000.0,
2012,East Lyme,97 W MAIN ST #49,140350.0,180000.0,Condo
2012,Cheshire,315 HIGHLAND AVE #101,97460.0,100000.0,
2012,Newington,59 APPLE HILL,140570.0,210000.0,Condo
2012,Glastonbury,46 SIGNAL RIDGE RD,120100.0,170000.0,
2012,Norwalk,19 ISAACS ST 307,170310.0,222000.0,Condo
2012,Bridgeport,223 IRANISTAN AVENUE,34620.0,50000.0,Condo
2012,Monroe,447 PEPPER ST,336400.0,549000.0,
2012,Salisbury,STATE LINE RD,74700.0,80000.0,
2012,Shelton,UPPER BIRCHBANK,14980.0,25000.0,
2012,Stafford,16 BRADWAY POND RD,57330.0,98000.0,
2012,Westport,10 SILENT GROVE N,408600.0,725000.0,
2013,Glastonbury,2510 MAIN ST,1480000.0,1800000.0,
2013,Glastonbury,160 OAK ST 2L & 2M,81600.0,127500.0,
2013,Fairfield,26 HULLS HIGHWAY,257320.0,340000.0,Condo
2013,Bloomfield,45 BATH CRESCENT LANE,241500.0,350000.0,Condo
2013,Branford,B13 EDGEWATER,184000.0,254200.0,Condo
2013,Enfield,114 CARRIAGE HOUSE,162790.0,200000.0,Condo
2013,Greenwich,100 NORTHFIELD STREET,4979940.0,8375000.0,
2013,Bloomfield,1146 BLUE HILLS AVE,350000.0,210000.0,
2013,Hamden,2446 WHITNEY AVE,145320.0,185508.0,
2013,Hamden,0 DOWNES RD,155190.0,150000.0,
2013,Brookfield,20 ELBOW HILL RD,104040.0,150000.0,
2013,Durham,1041 NEW HAVEN RD,338660.0,750000.0,
2013,Coventry,BELLEVUE DR,1800.0,2500.0,
2013,Bridgeport,4540 MAIN STREET,299900.0,475000.0,
2013,Berlin,14-1/12D/131,84500.0,70000.0,
2013,Bridgeport,515 WEST AVENUE,310710.0,500000.0,
2013,Clinton,237 EAST MAIN ST,217600.0,320000.0,
2013,East Lyme,4 TUPELO LANE,194670.0,345000.0,Condo
2013,Farmington,3 PARTRIDGE LA,170840.0,265000.0,Condo
2013,Bridgeport,34-36 CEDAR STREET,14810.0,30000.0,
2013,Bristol,22 CURTISS ST,197890.0,250000.0,
2013,Greenwich,261 WEST PUTNAM AVE,12391610.0,13490400.0,
2013,Cromwell,3 SOUTHBRIDGE,371470.0,562500.0,Condo
2013,East Lyme,221 BOSTON POST RD,263620.0,378000.0,
2013,Durham,81R TURKEY HILL RD,201670.0,251000.0,
2013,Farmington,28 SPRING LA,1580590.0,2425000.0,
2013,Bristol,482 LAKE AVE #24,69230.0,105000.0,Condo
2013,Marlborough,FLOOD RD,69200.0,90000.0,
2013,Shelton,36 MUSTANG LANE,272440.0,325500.0,Condo
2013,Waterbury,59 WALNUT ST,5590.0,6000.0,
2013,Monroe,230 ROOSEVELT DR,900270.0,1565000.0,
2013,Southbury,618 GEORGES HILL RD,69660.0,140500.0,
2013,Milford,43 HILLSIDE AVENUE,0.0,55000.0,
2013,Milford,256 CHERRY STREET,723450.0,1000000.0,
2013,Stamford,60 STRAWBERRY HILL AVENUE # 10,869790.0,1250000.0,
2013,Putnam,216 GROVE STREET,46400.0,50000.0,
2013,Plainfield,9 FINN LANE,41340.0,52000.0,
2013,Simsbury,1 MALLARD CIRCLE,83920.0,125000.0,Condo
2013,Pomfret,120 PUTNAM RD,912200.0,2370000.0,
2013,Trumbull,279 MAYFIELD DR,153000.0,220000.0,Condo
2013,New Britain,449 FARMINGTON AVE,26040.0,65000.0,
2013,Milford,333 WEST AVENUE # 1,90050.0,130000.0,Condo
2013,Newtown,14 SUSAN LANE,82730.0,110000.0,
2013,Hartford,1084 CAPITOL AV,82110.0,81000.0,
2013,West Hartford,31 ROBIN ROAD #102,92960.0,160000.0,Condo
2013,Hartford,461 WASHINGTON ST,1590720.0,4200000.0,
2013,Montville,187 C FITCH HILL RD,73510.0,50000.0,
2013,Hartford,784-786 CAPITAL AV,228600.0,370000.0,
2013,Stratford,BENTON ST,133000.0,50000.0,
2013,North Haven,90 HALF MILE ROAD,19880.0,30000.0,
2014,Milford,18 SHAGBARK LANE,144100.0,235000.0,Condo
2014,Milford,83 HILL ST UNIT J,98800.0,130000.0,Condo
2014,Hebron,108-110 WALL ST,493150.0,770000.0,
2014,Greenwich,9 BENDERS DR B1,421750.0,540000.0,
2014,Killingly,12 BOYS AVE,58590.0,100000.0,Two Family
2014,Ashford,SLADE RD,125400.0,62700.0,
2014,Madison,65 OLD RTE 79/U-9,87100.0,137000.0,Condo
2014,Groton,11 CRAWFORD LA,182840.0,245500.0,Condo
2014,Cromwell,500 CORPORATE ROW,424860.0,400000.0,
2014,Goshen,LOT 12 BIRCHWOOD LANE,80620.0,72000.0,
2014,Hartford,16-18 STEDMAN ST,144430.0,243000.0,
2014,Glastonbury,33 PRATT ST,234100.0,315000.0,
2014,Ellington,43 GRAND BLVD,175530.0,258000.0,Condo
2014,Cheshire,416 GREENS LOOP,104120.0,155000.0,Condo
2014,Bridgeport,98 TUDOR STREET,34650.0,20000.0,
2014,Farmington,11 C2 BYRNE CT,101220.0,140000.0,Condo
2014,Meriden,20 ABBEY PARK,107310.0,145500.0,Condo
2014,Hamden,365 MATHER ST U92,82740.0,80000.0,Condo
2014,Granby,50 HIGLEY RD,52080.0,100000.0,
2014,Monroe,161 HIGHLAND DR,130600.0,180000.0,Condo
2014,Bethel,67 BEACON HILL TERRACE,271320.0,420000.0,Condo
2014,Middletown,11 INTOWN TERR,128510.0,180000.0,Condo
2014,Greenwich,1191 EAST PUTNAM AVE,1514310.0,2700000.0,
2014,Enfield,252 HAZARD AVE,110210.0,199900.0,
2014,Hartford,151 ASYLUM ST,12309220.0,20580000.0,
2014,Lyme,1 FERRY RD,237200.0,400000.0,
2014,Bridgeport,810 ATLANTIC STREET,980000.0,1625000.0,
2014,Beacon Falls,9 ELLEN DR,67220.0,110000.0,
2014,Hamden,12 ROSSOTTO DR,277060.0,460000.0,
2014,Avon,3 STERLING PLACE,126000.0,184000.0,Condo
2014,Brookfield,994 FEDERAL RD,73980.0,109000.0,
2014,Ellington,1 MAPLE ST #13,91910.0,118000.0,Condo
2014,Greenwich,321 WEST PUTNAM AVE,2351860.0,3900000.0,
2014,Enfield,80 PEARL ST,200730.0,314000.0,
2014,Enfield,GEORGETOWN DR BFU12,69710.0,100000.0,Condo
2014,Avon,8 APPLEWOOD LANE,184100.0,250000.0,Condo
2014,Avon,40 CROCUS LANE,94080.0,190000.0,Condo
2014,Canton,4 HOFFMANN ROAD,189140.0,300000.0,
2014,Bristol,410 EMMETT ST #92,93660.0,143000.0,Condo
2014,Enfield,133 MEADOWS,110230.0,151000.0,Condo
2014,Hartford,16-24 SISSON AV,205660.0,240000.0,
2014,Bristol,52 IRVING ST UN78,71120.0,95000.0,Condo
2014,Greenwich,43 HAROLD AVE A,580720.0,649000.0,Condo
2014,Killingly,21 PUTNAM RD,26530.0,37900.0,
2014,Derby,15 HAWTHORNE PLACE,78470.0,80000.0,Condo
2014,Monroe,551 PEPPER ST,2352600.0,4841000.0,
2014,Ellington,TREE TOP RD,73490.0,40000.0,
2014,Bristol,35 RUTH ST #51,61810.0,70000.0,Condo
2014,Hartford,59 SUMNER ST,925860.0,3900000.0,
2014,Danbury,50 BEAVER BROOK RD,701700.0,840000.0,
2015,Milford,405 MARINERS WALK,109350.0,120000.0,
2015,Kent,27 RAILROAD ST,236000.0,400000.0,
2015,Essex,GREAT MEADOW RD,5200.0,10000.0,
2015,Guilford,3 PADDOCK LN,241560.0,275000.0,Condo
2015,Monroe,34 ENTERPRISE DR,407000.0,550000.0,
2015,Milford,312 WOODMONT RD,2112350.0,5000000.0,
2015,Guilford,8 PADDOCK LN,244950.0,390000.0,Condo
2015,Essex,30 MAIN ST. CTBK,468700.0,485000.0,
2015,New Hartford,617 MAIN STREET,44030.0,27500.0,
2015,Meriden,602 POMEROY AVE,764050.0,850000.0,
2015,Middletown,49 MAIN ST,190000.0,312932.0,
2015,Darien,1 HALE LANE,263340.0,450000.0,Condo
2015,Hartford,81 WESTON ST,530810.0,750000.0,
2015,Milford,39 JASMINE CIRCLE,279210.0,370000.0,Condo
2015,Meriden,61 POMEROY DR,5948110.0,13488043.0,
2015,Easton,60 CROSSBOW LANE,232750.0,192500.0,
2015,Hartford,89 WEBSTER ST,101430.0,141000.0,
2015,New Haven,594 GEORGE ST,11480.0,32000.0,
2015,Bethel,93H CHESTNUT STREET,120960.0,175000.0,Condo
2015,Monroe,16 TIMOTHY HILL RD,277200.0,396000.0,
2015,Glastonbury,295 WESTERN BLVD,2477900.0,4188140.0,
2015,Glastonbury,E/4 FOUNDERS RD,97400.0,135000.0,
2015,Bethel,16 SYCAMORE COURT,68440.0,72500.0,
2015,Guilford,180 BOSTON POST RD,1048970.0,1500000.0,
2015,Madison,7A YANKEE GLEN ROAD,180000.0,207000.0,Condo
2015,Farmington,17 CROCUS LA,101340.0,200000.0,Condo
2015,Groton,31 STEAMBOAT WHARF,452130.0,830000.0,Condo
2015,New Canaan,38E HERITAGE HILL RD,482090.0,700000.0,Condo
2015,East Lyme,44 BLACK POINT RD,176820.0,250000.0,
2015,Hartford,45-47 SQUIRE ST,43260.0,70000.0,
2015,New Hartford,181 LAKESHORE DRIVE,93450.0,135000.0,
2015,New Britain,291 LASALLE ST,127120.0,240875.0,
2015,Cromwell,7 SHADY LANE,93920.0,160000.0,
2015,New Britain,36 SILVER ST,129430.0,160000.0,
2015,Bristol,224 NORTH MAIN ST,349160.0,500000.0,
2015,Portland,264 MAIN ST,178200.0,450000.0,
2015,Torrington,21 SUMMER ST,143780.0,220000.0,
2015,Windham,32 W PARK ST,103950.0,62250.0,
2015,Wallingford,2 MULLIGAN DR,240500.0,480000.0,Condo
2015,Watertown,0 SUMMIT RIDGE,86500.0,90000.0,
2015,Waterbury,56 ANGEL DR #56F,20130.0,20000.0,Condo
2015,Plymouth,124 MAIN ST,114660.0,140000.0,
2015,Stonington,8 PEARL ST,807420.0,1100000.0,
2015,Norwalk,16 AUBURN ST,312820.0,497000.0,Condo
2015,Wallingford,POWERS RD,103500.0,115000.0,
2015,Stratford,5 HAWLEY GLEN,109830.0,140000.0,Condo
2015,Wallingford,81 DANNYS WAY,173600.0,241000.0,Condo
2015,Norwalk,23 1/2 FIRST ST,204050.0,280000.0,
2015,Windham,1131 MAIN ST,204400.0,280000.0,
2015,Watertown,0 LOOP RD,88400.0,80000.0,
2016,Avon,2 EDGEWOOD,143390.0,224000.0,Condo
2016,Bethel,66 H NASHVILLE ROAD,80500.0,130000.0,Condo
2016,Bethany,275 AMITY RD,62160.0,90000.0,
2016,Bethel,1 EAGLE ROCK HILL,117180.0,200000.0,Condo
2016,Darien,54 KENSETT LANE,887600.0,1495000.0,Condo
2016,New Britain,335 HIGH ST,145600.0,300000.0,
2016,Harwinton,LOT D22 CATLIN RD,1890.0,2500.0,
2016,Guilford,66-10 HIGH ST,409250.0,665000.0,Condo
2016,Newtown,4 AUNT PARK LANE,95520.0,100000.0,
2016,Bridgeport,453 EAST MAIN ST,193490.0,360000.0,
2016,Monroe,585 FAN HILL RD,344300.0,515000.0,
2016,Lebanon,FOWLER RD (265-28.001),55300.0,50000.0,
2016,Durham,CHERRY LANE,69650.0,55000.0,
2016,Essex,6 MAIN ST SX,450600.0,500000.0,
2016,Hamden,736 SHERMAN AVE,275730.0,462500.0,
2016,Branford,137 PEDDLARS DR,106700.0,155000.0,Condo
2016,New Canaan,53 DEVONWOOD LA,764470.0,1188000.0,
2016,Bristol,384 FARMINGTON AVE,526680.0,1350000.0,
2016,Bozrah,59 LANG ST,5080.0,5000.0,
2016,Bridgeport,95 LANCE CIR,105820.0,148000.0,Condo
2016,Hamden,835 SHERMAN AVE,247450.0,338148.0,
2016,New Milford,7 RESERVOIR RD,50330.0,69000.0,
2016,Newington,239 STERLING DR,238150.0,331100.0,Condo
2016,Durham,83 STAGECOACH RD,114590.0,160000.0,Condo
2016,Bridgeport,316 WOOD AVE,299820.0,430000.0,
2016,Bridgeport,1891 EAST MAIN ST,135840.0,145000.0,
2016,New Canaan,29 MAPLE ST #3,388640.0,436000.0,Condo
2016,Danbury,78 LAKE AV,419400.0,900000.0,
2016,Burlington,11 FOOTE ROAD,382200.0,572500.0,
2016,Bristol,342-350 LAKE AVE,176610.0,400000.0,
2016,Canton,506 TIMBER LANE,112500.0,150000.0,Condo
2016,Glastonbury,33 NAUBUC AVE,207600.0,270000.0,
2016,Middletown,54 GROVE ST,266170.0,310000.0,
2016,East Hartford,1705 MAIN ST.,186280.0,250000.0,
2016,Meriden,307 ATRIUM,24570.0,32000.0,Condo
2016,Guilford,63 CAMBRIDGE WAY,184560.0,200000.0,
2016,Hamden,861 DIXWELL AVE,128030.0,150000.0,
2016,Monroe,14 DOWNS RD,182000.0,260000.0,Single Family
2016,Franklin,80 TOWNLINE BLVD,52760.0,79000.0,
2016,East Hartford,284 GOVERNOR ST.,96220.0,120000.0,
2016,East Haven,556 MAIN ST REAR,150470.0,200000.0,
2016,Canton,77 GARRETT ROAD,175000.0,240000.0,
2016,Cheshire,35 IVES HILL CT,128120.0,182000.0,Condo
2016,Bridgeport,1018 HANCOCK AVE,238580.0,370000.0,
2016,Newington,21 HARLOW DR,228640.0,310000.0,Condo
2016,Derby,82 SUMMIT COMMONS,89390.0,157100.0,Condo
2016,Branford,4C EDGEWATER,167000.0,235000.0,Condo
2016,Branford,4 MONTOYA,103500.0,149500.0,Condo
2016,Bristol,77-79 PINE ST,132020.0,158000.0,
2016,Waterbury,80 LINDEN ST,90140.0,50000.0,
2017,Killingly,1468 NORTH RD,36400.0,45000.0,
2017,Bethany,20 HORSE SHOE HILL RD,95500.0,75000.0,
2017,Avon,11 BRANFORD COURT,172900.0,215000.0,Condo
2017,Bloomfield,BLUE HILLS AVE,835800.0,1700000.0,
2017,Bloomfield,98 FILLEY ST,751590.0,500000.0,
2017,Manchester,29 & 35 BISSELL STREET,194400.0,235000.0,
2017,Enfield,C-5 ENFIELD PROFESSIONAL CTR,30790.0,45000.0,
2017,Hamden,740 BROOKSVALE RD,14700.0,25000.0,
2017,Killingly,100 JUDD AVE,15540.0,26500.0,
2017,Cheshire,35 QUARRY VILLAGE RD,147240.0,211900.0,Condo
2017,Bridgeport,173 ATLANTIC ST,17330.0,39000.0,
2017,Canton,27 CAMILLE LANE,136640.0,185000.0,Condo
2017,Manchester,166 COLONIAL ROAD,579300.0,1009496.0,
2017,East Haven,620 COE AVE,140630.0,195000.0,
2017,New Canaan,191 ELM ST,1205610.0,1300000.0,
2017,New Haven,2 LYON STREET,656810.0,1955575.0,
2017,Hartford,205 BEACON ST,37450.0,55000.0,
2017,Hartford,23 EAST ELLIOTT ST,27510.0,99900.0,Condo
2017,Hartford,76 WEBSTER ST,1225700.0,1900000.0,
2017,Montville,281 ROUTE 32,153550.0,149000.0,
2017,Meriden,43 EDDY AVE,23730.0,30000.0,
2017,Meriden,168 DEXTER AVE,114660.0,172000.0,Condo
2017,Essex,LYNN ROAD (84/84/1-34),34400.0,50000.0,
2017,Montville,2255 ROUTE 32,5117050.0,11050000.0,
2017,Lebanon,426 TRUMBULL HWY,32420.0,47000.0,
2017,Branford,657-697 MAIN ST,419000.0,770000.0,
2017,Bridgeport,1549-1551 BARNUM AVE,255290.0,400000.0,
2017,Cornwall,CHERRY HILL RD,140700.0,250000.0,
2017,Clinton,6-8 CANTERBURY LN,340200.0,500000.0,
2017,New Haven,146B EVERIT ST,157570.0,238500.0,Condo
2017,Bridgeport,928-936 HANCOCK AVE,239720.0,475000.0,
2017,Newington,502 CEDAR STREET,530280.0,1500000.0,
2017,Enfield,144 CANDLEWOOD,94270.0,134000.0,Condo
2017,Hartford,1040 CAPITOL AV,171290.0,328750.0,
2017,Meriden,210 WEBB MANOR,23310.0,50000.0,Condo
2017,Hartford,396 BELLEVUE ST,5600.0,25000.0,
2017,Milford,32 JACKSON DR,136490.0,215000.0,Condo
2017,Cheshire,103 QUARRY VILLAGE RD,141120.0,207500.0,Condo
2017,New Haven,245 WOOSTER ST,58870.0,92500.0,
2017,Branford,43 ANCHOR REEF CLUB,233400.0,325000.0,Condo
2017,Canterbury,173 LISBON RD,35800.0,85000.0,
2017,Hartford,113 FRANKLIN AV,66640.0,150000.0,
2017,New Fairfield,188 BALL POND RD,6700.0,9000.0,
2017,Milford,367 BRIDGEPORT AVE,407860.0,470000.0,
2017,Madison,1 BISHOP LN,503000.0,635000.0,
2017,Manchester,19-C ESQUIRE DRIVE,85600.0,118101.0,Condo
2017,Hamden,3265 WHITNEY AVE U3,160650.0,188900.0,Condo
2017,Meriden,130 BRADLEY AVE,737730.0,1700000.0,
2017,New Fairfield,267 RTE 39,2900.0,8000.0,
2017,Chester,WEST MAIN ST,58050.0,83875.0,
2018,Bridgeport,875-879 EAST MAIN ST,175400.0,205000.0,
2018,Branford,234 EAST MAIN ST,250000.0,415000.0,
2018,Bristol,7 GILLETTE WAY,127680.0,215000.0,Condo
2018,Branford,230 OPENING HILL RD,131700.0,223500.0,Condo
2018,Ansonia,22 MAPLE ST,305100.0,500000.0,
2018,Bridgeport,602 UNION AVE,100040.0,80000.0,
2018,Bristol,597 TERRYVILLE RD,102416.0,125000.0,
2018,Brookfield,4 PRODUCTION DR,748850.0,1550000.0,
2018,Bethel,18 DEER RUN 34D,109690.0,195000.0,Condo
2018,Bethel,43 CASTLE HILL DRIVE,71680.0,68000.0,
2018,Bridgeport,710 HALLETT ST,291907.0,750000.0,
2018,Bethel,31 DRUMMERS LANE,117740.0,171500.0,Condo
2018,Bozrah,1 RACHEL DR,173360.0,275000.0,
2018,Cornwall,BARN RD,9000.0,30000.0,
2018,New Haven,161 HENRY ST,255710.0,700000.0,
2018,Manchester,20 UTOPIA ROAD,1090200.0,1478564.0,
2018,Columbia,ROUTE 6,69100.0,125000.0,
2018,Meriden,34 STERLING VLG,77560.0,121000.0,Condo
2018,Farmington,7 MALLARD DR,109430.0,200000.0,Condo
2018,Hebron,102-108 WELLSWOOD RD,1512170.0,2080000.0,
2018,New Britain,110 GOLD ST,162540.0,365000.0,
2018,Hamden,285 WELTON ST,577290.0,600000.0,
2018,Ellington,1 ABBOTT RD #135,94050.0,130000.0,Condo
2018,Farmington,12 LILAC LA,151880.0,220000.0,Condo
2018,Milford,85 VISCOUNT DR #A12,130250.0,213000.0,Condo
2018,Ledyard,1742-3E ROUTE 12,39970.0,63000.0,Condo
2018,New Haven,10 LIBERTY ST,1149470.0,3250000.0,
2018,Meriden,240 BROWNSTONE RIDGE,47600.0,68000.0,
2018,New Britain,121 NEANDA ST,19460.0,30000.0,
2018,East Haddam,21 OLMSTEAD RD,35830.0,62000.0,
2018,Hartford,716 WINDSOR ST,249130.0,325000.0,
2018,East Haven,5 OLD BRADLEY ST,282100.0,435000.0,
2018,Ledyard,10J LAKESIDE DR,71750.0,110000.0,Condo
2018,East Lyme,97 W MAIN ST  #35,130760.0,202500.0,Condo
2018,East Lyme,11 NATHAN HALE DR,157570.0,90000.0,
2018,New Fairfield,4 AUBURN RD,5400.0,10000.0,
2018,Brooklyn,25 COMMON WAY DR,147900.0,260000.0,Condo
2018,Groton,27 KINGS HWY,1237390.0,3259159.0,
2018,Montville,19 ELBERTA PL,37590.0,50000.0,
2018,Milford,1520 BOSTON POST RD,3321430.0,4350000.0,
2018,East Haven,2 OLD TOWN HWY # 32,243500.0,345000.0,Condo
2018,Meriden,86 LA MIRAGE,74690.0,127500.0,Condo
2018,Milford,394 BRIDGEPORT AVE,631860.0,1275000.0,
2018,Danbury,15 ABBEY LANE / WOODLAND RD,63699800.0,124000000.0,
2018,Glastonbury,13 GARLAND DR,93000.0,147500.0,Condo
2018,Enfield,11 MOODY INDUS CONDO,60220.0,78000.0,
2018,East Haven,626 MAIN ST,73920.0,151000.0,
2018,Clinton,88C GROVE ST,129200.0,160000.0,Condo
2018,Greenwich,56 SHERWOOD PL #9,574350.0,945000.0,Condo
2018,Clinton,14A FAIRY DELL RD,92100.0,175000.0,Condo
2019,Hartford,165 ROOSEVELT ST,178990.0,295000.0,
2019,Eastford,107 LAKE WOODS LN,33700.0,45499.0,
2019,Colchester,83 LEBANON AVE,159000.0,160000.0,
2019,Canton,19 BEL AIRE LANE,85970.0,110000.0,
2019,Berlin,600 FOUR ROD ROAD #9,264900.0,360000.0,
2019,Groton,15 CROWN KNOLL CT S34,78120.0,140000.0,Condo
2019,Manchester,500 KEENEY STREET,52000.0,70000.0,
2019,Hartford,151 NEW PARK AVE,2077670.0,1575000.0,
2019,Ledyard,1504 ROUTE 12,298060.0,575000.0,
2019,Hartford,32 LINCOLN ST,54775.0,200000.0,Two Family
2019,Avon,9 MADISON LANE,164010.0,242000.0,Condo
2019,Hartford,55 BEDFORD ST,6020.0,10000.0,
2019,Granby,4 APPLETREE LN,66010.0,80000.0,
2019,East Lyme,3 DARROWS COURT,141050.0,90000.0,
2019,Enfield,GEORGETOWN DR BGU07,48100.0,80000.0,Condo
2019,Killingly,461 CHESTNUT HILL RD,53480.0,80000.0,
2019,East Lyme,NIANTIC DOCKO # 3219,20930.0,30000.0,Condo
2019,Avon,38 FOX HOLLOW,194100.0,340000.0,Condo
2019,Danbury,44 NORTH ST,265800.0,375000.0,
2019,Canton,50 EAST HILL ROAD UNIT 2E,78930.0,120000.0,Condo
2019,Darien,28 HALE LANE,324240.0,475000.0,Condo
2019,Killingly,774 NO MAIN ST,372260.0,400000.0,
2019,Bethel,31 EAGLE ROCK HILL,131040.0,240000.0,Condo
2019,Bridgeport,660 LINDLEY ST,193570.0,500000.0,
2019,Bridgeport,615 NORTH AVE,175670.0,270000.0,
2019,East Haven,63 COLEMAN ST #8,82800.0,141000.0,Condo
2019,Greenwich,73 WEAVER ST 6,735700.0,1100000.0,Condo
2019,Manchester,126 & 148 FOREST STREET,341300.0,400000.0,
2019,Hartford,165 BRAINARD RD,1257760.0,1400000.0,
2019,Hartford,330 LOCUST ST,180950.0,340000.0,
2019,Lyme,0 FERRY RD,44100.0,83300.0,
2019,Guilford,MURRAY LN,109970.0,130000.0,
2019,Kent,5 BRIDGE ST,255000.0,560000.0,
2019,Manchester,191D OAKLAND STREET,79800.0,123000.0,Condo
2019,Greenwich,77 PARK AVENUE,777700.0,1815000.0,
2019,Hartford,86 GOODWIN CIR #0141,123900.0,355000.0,Condo
2019,Greenwich,40 AIKEN RD,756000.0,1190000.0,
2019,Hamden,75 WASHINGTON AVE 4-301,46410.0,75000.0,Condo
2019,Hamden,221 BUTLER ST,104580.0,250000.0,Two Family
2019,Goshen,WL750 CORNWALL DRIVE,76850.0,100000.0,
2019,Enfield,6 QUAIL HOLLOW,187310.0,275000.0,Condo
2019,Greenwich,55 PUTNAM PARK,0.0,340000.0,
2019,Avon,5 GATEWOOD,256890.0,420000.0,Condo
2019,Cromwell,150 COUNTRY SQUIRE,272790.0,420000.0,
2019,Danbury,3 SPRINGSIDE AV,507800.0,603000.0,
2019,Bethany,9 RUSSELL RD,83980.0,135000.0,
2019,Franklin,34 PAUTIPAUG LN,51150.0,63500.0,
2019,Groton,560-A SHENNECOSSETT RD,57190.0,126000.0,Condo
2019,Glastonbury,160 OAK ST 1H,74700.0,125000.0,
2019,Granby,431 SALMON BROOK ST,83860.0,225000.0,
2020,Ansonia,323 BEAVER ST,133000.0,248400.0,Residential
2020,Ansonia,152 JACKSON ST,110500.0,239900.0,Residential
2020,Ansonia,230 WAKELEE AVE,150500.0,325000.0,Commercial
2020,Ansonia,57 PLATT ST,127400.0,202500.0,Residential
2020,Avon,245 NEW ROAD,217640.0,400000.0,Residential
2020,Avon,63 NORTHGATE,528490.0,775000.0,Residential
2020,Barkhamsted,46 RATLUM MTN RD,203530.0,415000.0,Residential
2020,Beacon Falls,34 LASKY ROAD,158030.0,243000.0,Residential
2020,Beacon Falls,9 AVON COURT,65590.0,100000.0,Residential
2020,Berlin,94 PERCIVAL AVE,140600.0,190790.0,Residential
2020,Bethel,16 OXFORD STREET,170800.0,307000.0,Residential
2020,Bethel,1308 LEXINGTON BOULEVARD,195300.0,365000.0,Residential
2020,Bethel,10 CASTLE HILL ROAD,219870.0,325000.0,Residential
2020,Bethel,8 BLACKMAN AVENUE,264040.0,445000.0,Residential
2020,Bethlehem,34 HIGHLAND ROAD,82000.0,106000.0,Residential
2020,Bolton,39 STONEHEDGE LN,189400.0,273750.0,Residential
2020,Branford,49 ROSE ST TOWERS UNIT 402,97800.0,147000.0,Residential
2020,Branford,460 MAIN ST,180500.0,355000.0,Residential
2020,Branford,24 COLLINS DR,147000.0,290000.0,Residential
2020,Branford,61 PALMER RD,219900.0,460000.0,Residential
2020,Branford,3 GROVE CT,43400.0,86501.0,Residential
2020,Branford,69 CHURCH ST,200900.0,320000.0,Residential
2020,Bristol,118 MOODY ST,117950.0,240000.0,Residential
2020,Bristol,103 BUTTERNUT LN,61950.0,129900.0,Residential
2020,Bristol,MILL POND DR LOT 50,47530.0,100000.0,Vacant Land
2020,Bristol,WILDEWOOD RUN LOT 50,47530.0,44900.0,Vacant Land
2020,Bristol,14 CREST DR,150290.0,276000.0,Residential
2020,Bristol,BROAD PLACE LOTS 225-6 AND 224,8400.0,38500.0,Vacant Land
2020,Bristol,50 ROSEMONT AVE,87500.0,175000.0,Residential
2020,Bristol,17 LINCOLN ST,102270.0,190000.0,Residential
2020,Bristol,28 HULL ST,130690.0,190000.0,Residential
2020,Brookfield,101 OBTUSE RD SOUTH,378680.0,537000.0,Residential
2020,Burlington,57 ROCK RD,194670.0,275000.0,Residential
2020,Burlington,206 COVEY RD,286860.0,540000.0,Residential
2020,Canton,558 CHERRY BROOK ROAD,125390.0,128000.0,Residential
2020,Cheshire,249 REDWOOD LANE,202590.0,425000.0,Residential
2020,Colchester,133 BRAINARD RD,139200.0,292500.0,Residential
2020,Colchester,OLD AMSTON RD,55000.0,250000.0,Vacant Land
2020,Colchester,LOT #11 RESERVOIR RD,44000.0,85000.0,Vacant Land
2020,Coventry,SQUIRREL TR,35600.0,42750.0,Vacant Land
2020,Coventry,157 STONEHOUSE RD,83400.0,65000.0,Residential
2020,Coventry,1467 SOUTH ST,359800.0,480000.0,Commercial
2020,Cromwell,25 MIDWAY DR,128200.0,208000.0,Residential
2020,Cromwell,11 MYSTIQUE LANE,210350.0,322000.0,Residential
2020,Danbury,27 CROWS NEST LA 6A,110300.0,195000.0,Residential
2020,Danbury,51 OLD BOSTON POST RD,191600.0,394000.0,Residential
2020,Danbury,305 LARSON DR,188600.0,360000.0,Residential
2020,Danbury,15 SCUPPO RD 803,161400.0,270000.0,Residential
2020,Danbury,18 KING ST,203400.0,309000.0,Residential
2020,Danbury,3 DANA RD,61300.0,90000.0,Vacant Land
